id,name,popularity,duration_ms,explicit,artists,id_artists,release_date,danceability,energy,key,loudness,mode,speechiness,acousticness,instrumentalness,liveness,valence,tempo,time_signature
58FbmtiyAlFBqFr8EorsSr,7 Summers,100,210506,0,['Morgan Wallen'],['4oUHIQIBe0LHzYfvXNW4QM'],2021-01-08,,,,,,,,,,,,
6ybZUqlfk938oS6WeBmDab,Missed Call,99,255125,1,['Treaty Oak Revival'],['3444S3C4U9Ts86BnCtSPRV'],2021-01-29,0.385,0.787,9.0,-2.891,1.0,0.0318,0.0211,4.32e-06,0.136,0.337,152.251,4.0
4k3lPl8YTKuY8c1HelVnm3,'Til You Can't,98,224213,0,['Cody Johnson'],['6zLBxLdl60ekBLpawtT63I'],2021-10-08,0.501,0.815,1.0,-4.865,1.0,0.0436,0.0513,0.0,0.106,0.46,160.087,4.0
0IRZwSCWFdT5D8hNCXHzZX,More Than My Hometown,97,216573,0,['Morgan Wallen'],['4oUHIQIBe0LHzYfvXNW4QM'],2021-01-08,,,,,,,,,,,,
3azJifCSqg9fRij2yKIbWz,The Color Violet,96,226466,0,['Tory Lanez'],['2jku7tDXc6XoB6MO2hFuqg'],2021-12-10,0.645,0.534,6.0,-10.8,0.0,0.0479,0.157,0.0,0.0863,0.463,105.02,4.0
7EkWXAI1wn8Ii883ecd9xr,Freaks,95,147062,0,['Surf Curse'],['1gl0S9pS0Zw0qfa14rDD3D'],2021-05-15,0.345,0.941,9.0,-9.918,1.0,0.0466,3.84e-05,0.633,0.0511,0.407,179.626,4.0
2cEnKRR4dYBB2VA1mjlb1z,Nevada,94,155737,1,['YoungBoy Never Broke Again'],['7wlFDEWiM5OoIAt8RSli8b'],2021-09-24,0.777,0.59,0.0,-8.741,0.0,0.286,0.397,0.0,0.169,0.238,147.978,4.0
6HU7h9RYOaPRFeh0R3UeAr,deja vu,93,215506,1,['Olivia Rodrigo'],['1McMsnEElThX1knmY4oliG'],2021-05-21,0.442,0.612,2.0,-7.222,1.0,0.112,0.584,5.7e-06,0.37,0.178,180.917,4.0
5CZ40GBx1sQ9agT82CLQCT,traitor,92,229226,0,['Olivia Rodrigo'],['1McMsnEElThX1knmY4oliG'],2021-05-21,0.38,0.339,3.0,-7.885,1.0,0.0338,0.691,0.0,0.12,0.0849,100.607,4.0
5AQNqdpl6SEV9rAHWy7U9w,Cover Me Up,91,293706,0,['Morgan Wallen'],['4oUHIQIBe0LHzYfvXNW4QM'],2021-01-08,,,,,,,,,,,,
0sTlGEld0h8kIPZaKDYUf4,Notion,90,195120,0,['The Rare Occasions'],['1QfpRUtH14JLoY6F6AYmwt'],2021-12-02,0.309,0.883,9.0,-3.825,1.0,0.0808,0.0673,0.00111,0.0849,0.312,159.488,4.0
6I3mqTwhRpn34SLVafSH7G,Ghost,89,153190,0,['Justin Bieber'],['1uNFoZAHBGtllmzznpCI3s'],2021-03-19,0.601,0.741,2.0,-5.569,1.0,0.0478,0.185,2.91e-05,0.415,0.441,153.96,4.0
5YanmSgudc0CaxZrn40YnM,Wasted On You,88,178520,0,['Morgan Wallen'],['4oUHIQIBe0LHzYfvXNW4QM'],2021-01-08,,,,,,,,,,,,
3QFInJAm9eyaho5vBzxInN,family ties (with Kendrick Lamar),87,252262,1,"['Baby Keem', 'Kendrick Lamar']","['5SXuuuRpukkTvsLuUknva1', '2YZyLoL8N0Wb9xBt1NhZWg']",2021-09-10,0.711,0.611,1.0,-5.453,1.0,0.33,0.00588,0.0,0.23,0.144,134.093,4.0
3pVs5Zehts89WLyBPiYfxG,No Vacancy,86,244429,0,['Treaty Oak Revival'],['3444S3C4U9Ts86BnCtSPRV'],2021-01-29,0.432,0.784,0.0,-3.506,1.0,0.0347,0.00561,3.35e-05,0.222,0.41,75.999,4.0
33YkiqLWsxzZdi8Z1AKyIk,An Eater,85,147500,1,['Matt Martians'],['7ycsWk9ae4pTAlWH8j6Hf9'],2021-04-09,0.624,0.695,2.0,-8.594,1.0,0.0436,0.367,0.00394,0.647,0.177,119.982,4.0
4qS2KPWvsQzLvRa9oCHw41,You (feat. Travis Scott),84,213636,1,"['Don Toliver', 'Travis Scott']","['4Gso3d4CscCijv0lmajZWs', '0Y5tJX1MQlPlqiwlOH1tJY']",2021-10-08,0.782,0.528,1.0,-6.035,0.0,0.0532,0.409,7.89e-05,0.0999,0.389,117.977,4.0
3SeDS5sSoWnwAZvVgkdKzf,Better in the Dark,83,155500,0,"['Jordana', 'TV Girl']","['5Bw9kFNhy019e4IBCJZlzw', '0Y6dVaC9DZtPNH4591M42W']",2021-10-13,0.678,0.64,9.0,-7.486,1.0,0.0268,0.283,0.00067,0.682,0.701,90.058,4.0
4S4QJfBGGrC8jRIjJHf1Ka,Pain,82,98544,0,['PinkPantheress'],['78rUTD7y6Cy67W1RVzYs7t'],2021-10-15,0.829,0.617,1.0,-8.497,1.0,0.14,0.227,0.00306,0.0618,0.81,125.605,4.0
4kvCtReby19JPkePLwy8Pq,Ode To Bourbon,81,241375,0,['Treaty Oak Revival'],['3444S3C4U9Ts86BnCtSPRV'],2021-01-29,0.366,0.736,7.0,-2.749,1.0,0.0334,0.0767,9.69e-06,0.14,0.335,111.745,4.0
5wANPM4fQCJwkGd4rN57mH,drivers license,80,242013,1,['Olivia Rodrigo'],['1McMsnEElThX1knmY4oliG'],2021-05-21,0.561,0.431,10.0,-8.81,1.0,0.0578,0.768,1.42e-05,0.106,0.137,143.875,4.0
751srcHf5tUqcEa9pRCQwP,Tek It,79,191823,0,['Cafuné'],['581C5Qwl87TskfBEzuoisu'],2021-07-20,0.423,0.913,8.0,-5.354,1.0,0.0655,6.53e-05,0.0,0.269,0.596,146.995,4.0
3DarAbFujv6eYNliUTyqtz,Kiss Me More (feat. SZA),78,208666,1,"['Doja Cat', 'SZA']","['5cj0lLjcoR7YOSnhnX0Po5', '7tYKF4w9nC0nq9CsPZTHyP']",2021-06-25,0.764,0.705,8.0,-3.463,1.0,0.0284,0.259,8.92e-05,0.12,0.781,110.97,4.0
4ZtFanR9U6ndgddUvNcjcG,good 4 u,77,178146,1,['Olivia Rodrigo'],['1McMsnEElThX1knmY4oliG'],2021-05-21,0.563,0.664,9.0,-5.044,1.0,0.154,0.335,0.0,0.0849,0.688,166.928,4.0
69AIpwGNLxr4qS1X5ynx60,Buy Dirt,76,167480,0,"['Jordan Davis', 'Luke Bryan']","['77kULmXAQ6vWer7IIHdGzI', '0BvkDsjIUla7X0k6CSWh1I']",2021-05-21,0.586,0.559,4.0,-6.725,1.0,0.05,0.639,0.0,0.0872,0.437,177.945,4.0
65OVbaJR5O1RmwOQx0875b,Wants and Needs (feat. Lil Baby),75,192956,1,"['Drake', 'Lil Baby']","['3TVXtAsR1Inumwj472S9r4', '5f7VJjfbwm532GiveGC0ZK']",2021-03-05,0.578,0.449,1.0,-6.349,1.0,0.286,0.0618,2.17e-06,0.119,0.1,136.006,4.0
4RVwu0g32PAqgUiJoXsdF8,Happier Than Ever,74,298899,1,['Billie Eilish'],['6qqNVTkY8uBg9cP3Jd7DAH'],2021-07-30,0.332,0.225,0.0,-8.697,1.0,0.0348,0.767,0.00349,0.128,0.297,81.055,4.0
5CJwgyuXlhfXiZzJI53BUw,Addormentarsi,73,150836,0,['Natural Sample Makers'],['2kAU05Lt29wxhRj3BpiwhA'],2021-12-28,,,,,,,,,,,,4.0
1ShRHPAiiIrh0arZbSFmx1,Heavy,72,253213,0,['The Marías'],['2sSGPbdZJkaSE2AbcGOACx'],2021-06-25,0.76,0.413,0.0,-8.395,1.0,0.0307,0.326,0.745,0.0601,0.733,96.999,4.0
5JCoSi02qi3jJeHdZXMmR8,favorite crime,71,152666,0,['Olivia Rodrigo'],['1McMsnEElThX1knmY4oliG'],2021-05-21,0.369,0.272,9.0,-10.497,1.0,0.0364,0.866,0.0,0.147,0.218,172.929,4.0
7eZXAeqqdLDrAp2MvrPzWn,stranger,70,214893,1,['Jhené Aiko'],['5ZS223C6JyBfXasXxrRqOk'],2021-03-19,0.708,0.555,11.0,-7.275,0.0,0.0734,0.182,0.00565,0.111,0.316,140.017,4.0
567e29TDzLwZwfDuEpGTwo,STAY (with Justin Bieber),69,141805,1,"['The Kid LAROI', 'Justin Bieber']","['2tIP7SsRs7vjIcLrU85W8J', '1uNFoZAHBGtllmzznpCI3s']",2021-07-27,0.591,0.764,1.0,-5.484,1.0,0.0483,0.0383,0.0,0.103,0.478,169.928,4.0
1cMMVJ4FDqhCci9efd1BU6,Need It (feat. YoungBoy Never Broke Again),68,195680,1,"['Migos', 'YoungBoy Never Broke Again']","['6oMuImdp5ZcFhWP0ESe6mG', '7wlFDEWiM5OoIAt8RSli8b']",2021-06-11,0.852,0.747,11.0,-3.666,0.0,0.169,0.0311,0.0,0.0789,0.898,148.005,4.0
40iJIUlhi6renaREYGeIDS,Fair Trade (with Travis Scott),67,291175,1,"['Drake', 'Travis Scott']","['3TVXtAsR1Inumwj472S9r4', '0Y5tJX1MQlPlqiwlOH1tJY']",2021-09-03,0.666,0.465,1.0,-8.545,1.0,0.26,0.0503,0.0,0.215,0.292,167.937,4.0
02VBYrHfVwfEWXk5DXyf0T,Leave The Door Open,66,242096,0,"['Bruno Mars', 'Anderson .Paak', 'Silk Sonic']","['0du5cEVh5yTK9QJze8zA0C', '3jK9MiCrA42lLAdMGUZpwa', '6PvvGcCY2XtUcSRld1Wilr']",2021-11-11,0.586,0.616,5.0,-7.964,1.0,0.0324,0.182,0.0,0.0927,0.719,148.088,4.0
5lAnYvAIkSDNXqfo7DyFUm,Ain't Shit,65,174253,1,['Doja Cat'],['5cj0lLjcoR7YOSnhnX0Po5'],2021-06-25,0.855,0.488,3.0,-4.601,1.0,0.208,0.506,0.0,0.347,0.619,124.097,4.0
50nfwKoDiSYg8zOCREWAm5,Shivers,64,207853,0,['Ed Sheeran'],['6eUKZXaKkcviH0Ku9w2n3V'],2021-10-25,0.788,0.859,2.0,-2.724,1.0,0.0856,0.281,0.0,0.0424,0.822,141.02,4.0
4l0RmWt52FxpVxMNni6i63,you broke me first,63,170234,1,['Tate McRae'],['45dkTj5sMRSjrmBSBeiHym'],2021-03-26,0.66,0.379,4.0,-9.357,1.0,0.0543,0.798,0.0,0.0913,0.0762,124.027,4.0
3oNQ6NkihVzQkV5qhk2Pbe,Something About You,62,153312,0,"['Eyedress', 'Dent May']","['3XxNRirzbjfLdDli06zMaB', '34me8hAxavRmcDIwhxa3b7']",2021-08-27,,,,,,,,,,,,
7y3xU9vEC1s8DSuuoSYKih,Been Like This,61,177373,1,['Doja Cat'],['5cj0lLjcoR7YOSnhnX0Po5'],2021-06-25,0.678,0.531,10.0,-5.029,1.0,0.0374,0.126,3.44e-05,0.377,0.176,99.008,4.0
4iJyoBOLtHqaGxP12qzhQI,Peaches (feat. Daniel Caesar & Giveon),60,198081,1,"['Justin Bieber', 'Daniel Caesar', 'GIVĒON']","['1uNFoZAHBGtllmzznpCI3s', '20wkVLutqVOYrc0kxFs7rA', '4fxd5Ee7UefO4CUXgwJ7IP']",2021-03-19,0.677,0.696,0.0,-6.181,1.0,0.119,0.321,0.0,0.42,0.464,90.03,4.0
0MMyJUC3WNnFS1lit5pTjk,"jealousy, jealousy",59,173160,0,['Olivia Rodrigo'],['1McMsnEElThX1knmY4oliG'],2021-05-21,0.695,0.575,10.0,-6.334,0.0,0.116,0.198,0.0,0.0614,0.699,163.929,4.0
2tGvwE8GcFKwNdAXMnlbfl,happier,58,175933,1,['Olivia Rodrigo'],['1McMsnEElThX1knmY4oliG'],2021-05-21,0.395,0.443,6.0,-9.72,1.0,0.133,0.765,9.67e-06,0.0839,0.338,168.924,4.0
3qdDBn40nczbRjAAlYguoQ,Heavy Thunderstorm,57,602200,0,['Edy Boman'],['4XdPbkEAdTU7KDmfOCIakS'],2021-04-28,,,,,,,,,,,,
11pEKMLmavDu8fxOB5QjbQ,Pipe Down,56,205721,1,['Drake'],['3TVXtAsR1Inumwj472S9r4'],2021-09-03,0.518,0.69,9.0,-6.15,1.0,0.107,0.128,0.0,0.176,0.59,77.837,4.0
6oofvZ4K8vBHnCT1oKERcd,i walk this earth all by myself,55,145634,1,['EKKSTACY'],['0ynzbXwyCzxicMKHBoOkSH'],2021-11-12,0.595,0.588,10.0,-11.313,1.0,0.0624,0.507,0.781,0.113,0.518,166.061,4.0
4pt5fDVTg5GhEvEtlz9dKk,I WANNA BE YOUR SLAVE,54,173346,1,['Måneskin'],['0lAWpj5szCSwM4rUMHYmrr'],2021-03-19,0.75,0.608,1.0,-4.008,1.0,0.0387,0.00165,0.0,0.178,0.958,132.507,4.0
1ltyaGgSDbnvBSvATZ2J1v,This Bar,53,185280,0,['Morgan Wallen'],['4oUHIQIBe0LHzYfvXNW4QM'],2021-01-08,,,,,,,,,,,,
6Uj1ctrBOjOas8xZXGqKk4,Woman,52,172626,1,['Doja Cat'],['5cj0lLjcoR7YOSnhnX0Po5'],2021-06-25,0.824,0.764,5.0,-4.175,0.0,0.0854,0.0888,0.00294,0.117,0.881,107.998,4.0
0cLZboiFzp3rgYnPz33IJX,Only Thing That’s Gone,51,196706,0,"['Morgan Wallen', 'Chris Stapleton']","['4oUHIQIBe0LHzYfvXNW4QM', '4YLtscXsxbVgi031ovDDdh']",2021-01-08,,,,,,,,,,,,
3qhlB30KknSejmIvZZLjOD,End of Beginning,100,159245,0,['Djo'],['5p9HO3XC5P3BLxJs5Mtrhm'],2022-09-16,0.689,0.454,2.0,-7.643,1.0,0.0584,0.0351,0.00259,0.0707,0.912,159.982,4.0
0mflMxspEfB0VbI1kyLiAv,Stick Season,99,182346,0,['Noah Kahan'],['2RQXRUsr4IW1f3mKyKsy4B'],2022-10-14,0.664,0.5,9.0,-6.935,1.0,0.0651,0.799,0.0,0.0966,0.801,117.896,4.0
3WMj8moIAXJhHsyLaqIIHI,Something in the Orange,98,228013,0,['Zach Bryan'],['40ZNYROS4zLfyyBSs2PGe2'],2022-04-22,0.369,0.192,4.0,-12.151,0.0,0.04,0.555,8.35e-06,0.0954,0.148,175.212,4.0
1IHWl5LamUGEuP4ozKQSXZ,Tití Me Preguntó,97,243716,1,['Bad Bunny'],['4q3ewBCX7sLwd24euuV69X'],2022-05-06,0.65,0.715,5.0,-5.198,0.0,0.253,0.0993,0.000291,0.126,0.187,106.672,4.0
1HbzxLqpNVPdiBXvpC7Ovb,Wondering Why,96,232917,0,['The Red Clay Strays'],['6IKlXZEFOvk9itrP1s0knJ'],2022-04-29,0.524,0.209,4.0,-12.437,1.0,0.0405,0.85,0.0,0.173,0.347,148.59,4.0
4iZ4pt7kvcaH6Yo8UoZ4s2,Snooze,95,201800,1,['SZA'],['7tYKF4w9nC0nq9CsPZTHyP'],2022-12-09,0.559,0.551,5.0,-7.231,1.0,0.132,0.141,0.0,0.11,0.392,143.008,4.0
4Dvkj6JhhA12EX05fT7y2e,As It Was,94,167303,0,['Harry Styles'],['6KImCVD70vtIoJWnq6nGn3'],2022-05-20,0.52,0.731,6.0,-5.338,0.0,0.0557,0.342,0.00101,0.311,0.662,173.93,4.0
4k6Uh1HXdhtusDW5y8Gbvy,Bad Habit,93,232114,1,['Steve Lacy'],['57vWImR43h4CaDao012Ofp'],2022-07-15,0.686,0.494,1.0,-7.093,1.0,0.0355,0.613,5.8e-05,0.402,0.7,168.946,4.0
2TktkzfozZifbQhXjT6I33,Evergreen (You Didn’t Deserve Me At All),92,216680,0,['Omar Apollo'],['5FxD8fkQZ6KcsSYupDVoSO'],2022-04-08,0.697,0.336,9.0,-10.395,1.0,0.0424,0.598,0.00528,0.107,0.31,82.029,4.0
4yVBarJHjhhzP1q7fU4p0W,Clean Baby Sleep White Noise (Loopable),91,142222,0,['Dream Supplier'],['6Cqtx9fpxzggIMuKn0RGCp'],2022-02-15,,,,,,,,,,,,
2Hh3ETdQKrmSI3QS0hme7g,Too Many Nights (feat. Don Toliver & with Future),90,199920,1,"['Metro Boomin', 'Future', 'Don Toliver']","['0iEtIxbK0KxaSlF7G42ZOp', '1RyvyyTE3xzB2ZywiAwp0i', '4Gso3d4CscCijv0lmajZWs']",2022-12-02,0.573,0.668,7.0,-4.356,0.0,0.0467,0.189,4.01e-05,0.109,0.145,87.973,4.0
5jfhLCSIFUO4ndzNRh4w4G,"Burn, Burn, Burn",89,268856,0,['Zach Bryan'],['40ZNYROS4zLfyyBSs2PGe2'],2022-09-08,0.508,0.296,3.0,-10.513,1.0,0.0755,0.897,5e-05,0.11,0.134,82.532,4.0
0OWhKvvsHptt6vnnNUSM9a,Oklahoma Smokeshow,88,211739,0,['Zach Bryan'],['40ZNYROS4zLfyyBSs2PGe2'],2022-07-15,0.544,0.573,8.0,-5.694,1.0,0.0356,0.0958,0.0,0.104,0.233,122.977,4.0
59nOXPmaKlBfGMDeOVGrIK,WAIT FOR U (feat. Drake & Tems),87,189893,1,"['Future', 'Drake', 'Tems']","['1RyvyyTE3xzB2ZywiAwp0i', '3TVXtAsR1Inumwj472S9r4', '687cZJR45JO7jhk1LHIbgq']",2022-04-29,0.463,0.642,1.0,-4.474,1.0,0.34,0.314,0.0,0.0686,0.339,83.389,4.0
4O2rRsoSPb5aN7N3tG6Y3v,Northern Attitude,86,267256,1,['Noah Kahan'],['2RQXRUsr4IW1f3mKyKsy4B'],2022-10-14,0.523,0.626,3.0,-8.214,1.0,0.047,0.119,3.29e-05,0.107,0.323,121.291,4.0
1xK59OXxi2TAAAbmZK0kBL,Romantic Homicide,85,132630,0,['d4vd'],['5y8tKLUfMvliMe8IKamR32'],2022-07-20,0.571,0.544,6.0,-10.613,1.0,0.0299,0.453,0.00805,0.322,0.216,132.052,4.0
026wpXkLAjImiWOzzcJBHj,Good Looking,84,214800,0,['Suki Waterhouse'],['5GGJosGMs08YEmKTZJe1fL'],2022-08-18,,,,,,,,,,,,
41P6Tnd8KIHqON0QIydx6a,the perfect pair,83,177533,0,['beabadoobee'],['35l9BRT7MXmM8bv2WDQiyB'],2022-07-15,0.634,0.663,11.0,-6.818,1.0,0.0331,0.433,0.124,0.102,0.6,146.053,4.0
7ByxizhA4GgEf7Sxomxhze,All My Love,82,251510,0,['Noah Kahan'],['2RQXRUsr4IW1f3mKyKsy4B'],2022-10-14,0.666,0.665,2.0,-7.181,1.0,0.0534,0.309,0.0,0.0961,0.474,116.002,4.0
48UKTR66uUOT9LaUvooTNx,The Kind of Love We Make,81,224435,0,['Luke Combs'],['718COspgdWOnwOFpJHRZHS'],2022-06-24,0.608,0.745,1.0,-4.13,1.0,0.0277,0.0226,6.47e-06,0.0942,0.464,102.025,4.0
4PMqSO5qyjpvzhlLI5GnID,Good Days,80,279203,1,['SZA'],['7tYKF4w9nC0nq9CsPZTHyP'],2022-12-09,0.461,0.651,1.0,-8.81,0.0,0.0568,0.418,1.26e-05,0.782,0.383,121.07,4.0
5Y35SjAfXjjG0sFQ3KOxmm,Nobody Gets Me,79,180853,1,['SZA'],['7tYKF4w9nC0nq9CsPZTHyP'],2022-12-09,0.358,0.284,7.0,-8.285,1.0,0.0285,0.805,0.0,0.183,0.276,99.796,4.0
6dgUya35uo964z7GZXM07g,Nonsense,78,163648,0,['Sabrina Carpenter'],['74KM79TiuVKeVCqs8QtB0B'],2022-07-15,0.74,0.697,8.0,-4.912,1.0,0.034,0.0268,0.0,0.224,0.732,138.992,4.0
4KGGeE7RJsgLNZmnxGFlOj,Falling Behind,77,173640,0,['Laufey'],['7gW0r5CkdEUMm42w9XpyZO'],2022-08-26,0.449,0.353,7.0,-12.986,1.0,0.0915,0.942,0.0786,0.109,0.55,165.888,4.0
07UFnnK3uPIuKv5Rs9TmXl,Orange Juice,76,297103,0,['Noah Kahan'],['2RQXRUsr4IW1f3mKyKsy4B'],2022-10-14,0.662,0.378,9.0,-10.908,1.0,0.0361,0.475,6.84e-06,0.121,0.207,120.133,4.0
3F5CgOj3wFlRv51JsHbxhe,Jimmy Cooks (feat. 21 Savage),75,218364,1,"['Drake', '21 Savage']","['3TVXtAsR1Inumwj472S9r4', '1URnnhqYAYcrqrcwql10ft']",2022-06-17,0.529,0.673,0.0,-4.711,1.0,0.175,0.000307,2.41e-06,0.093,0.366,165.921,4.0
5wG3HvLhF6Y5KTGlK0IW3J,Trance (with Travis Scott & Young Thug),74,194786,1,"['Metro Boomin', 'Travis Scott', 'Young Thug']","['0iEtIxbK0KxaSlF7G42ZOp', '0Y5tJX1MQlPlqiwlOH1tJY', '50co4Is1HCEo8bhOyUWKpn']",2022-12-02,0.765,0.552,1.0,-7.524,0.0,0.309,0.175,0.0,0.193,0.492,119.476,4.0
31rneVrsMC6jefCoDyQKam,Just Pretend,73,204676,0,['Bad Omens'],['3Ri4H12KFyu98LMjSoij5V'],2022-02-25,,,,,,,,,,,,
5MOWBRtP53q5yNOtHaMVTh,Deep Phase Noise 1,72,143654,0,['Milli Hughes'],['5qq6C4dNld3AWHbh2WaNAR'],2022-02-15,,,,,,,,,,,,4.0
6WVdae8LbPfpOXAWuYdMnT,Love Lost,71,162875,1,"['Mac Miller', 'The Temper Trap']","['4LLpKhyESsyAXpc4laK94U', '4W48hZAnAHVOC2c8WH8pcq']",2022-07-22,,,,,,,,,,,,
6Sq7ltF9Qa7SNFBsV5Cogx,Me Porto Bonito,70,178567,1,"['Bad Bunny', 'Chencho Corleone']","['4q3ewBCX7sLwd24euuV69X', '37230BxxYs9ksS7OkZw3IU']",2022-05-06,0.911,0.712,1.0,-5.105,0.0,0.0817,0.0901,2.68e-05,0.0933,0.425,92.005,4.0
3XgGQ1wjo5khvq2UImjyNF,ALL MINE,69,216062,1,['Brent Faiyaz'],['3tlXnStJ1fFhdScmQeLpuG'],2022-07-08,0.617,0.378,9.0,-8.54,1.0,0.0315,0.428,9.16e-05,0.11,0.22,141.967,4.0
221qmpQeBNV87sUjQeUTVH,Around Me (feat. Don Toliver),68,191520,1,"['Metro Boomin', 'Don Toliver']","['0iEtIxbK0KxaSlF7G42ZOp', '4Gso3d4CscCijv0lmajZWs']",2022-12-02,0.695,0.669,2.0,-3.447,0.0,0.0394,0.0881,0.0137,0.513,0.063,119.986,4.0
7qTaDOcld0VmBWXnkbUj45,Broadway Girls (feat. Morgan Wallen),67,185600,0,"['Lil Durk', 'Morgan Wallen']","['3hcs9uc56yIGFCSy9leWe7', '4oUHIQIBe0LHzYfvXNW4QM']",2022-03-10,0.659,0.745,10.0,-3.599,1.0,0.0347,0.0417,0.0,0.296,0.54,74.967,4.0
1SjsVdSXpwm1kTdYEHoPIT,Sun to Me,66,163031,0,['Zach Bryan'],['40ZNYROS4zLfyyBSs2PGe2'],2022-05-20,0.505,0.27,9.0,-9.165,0.0,0.0333,0.593,0.0,0.133,0.557,98.721,4.0
6Xom58OOXk2SoU711L2IXO,Moscow Mule,65,245939,1,['Bad Bunny'],['4q3ewBCX7sLwd24euuV69X'],2022-05-06,0.804,0.674,5.0,-5.453,0.0,0.0333,0.294,1.18e-06,0.115,0.292,99.968,4.0
1DbZAffh8GGwW41Q3AU8iC,Flower Shops (feat. Morgan Wallen),64,214405,0,"['ERNEST', 'Morgan Wallen']","['4GGfAshSkqoxpZdoaHm7ky', '4oUHIQIBe0LHzYfvXNW4QM']",2022-03-11,0.544,0.459,7.0,-5.908,1.0,0.0266,0.119,0.0,0.0831,0.231,128.062,4.0
1Qrg8KqiBpW07V7PNxwwwL,Kill Bill,63,153946,0,['SZA'],['7tYKF4w9nC0nq9CsPZTHyP'],2022-12-08,0.644,0.735,8.0,-5.747,1.0,0.0391,0.0521,0.144,0.161,0.418,88.98,4.0
109ETcT7xie3TKvt1Ser6t,Mr. Saturday Night,62,186549,0,['Jon Pardi'],['4MoAOfV4ROWofLG3a3hhBN'],2022-09-02,0.289,0.693,2.0,-5.781,1.0,0.0319,0.0487,0.0,0.243,0.347,72.007,4.0
09riz9pAPJyYYDVynE5xxY,1000 Blunts,61,175476,1,['$uicideboy$'],['1VPmR4DJC1PlOtd0IADAO0'],2022-07-29,0.83,0.698,5.0,-6.517,0.0,0.077,0.224,1.02e-06,0.191,0.595,132.99,4.0
4xF4ZBGPZKxECeDFrqSAG4,snowfall,60,124065,0,"['Øneheart', 'reidenshi']","['0dgJbQ0bKPyUXco8hEXN7X', '6SdlxyPsQ3B0yYncFmDULP']",2022-01-14,0.466,0.0918,10.0,-26.813,1.0,0.0269,0.929,0.803,0.439,0.0841,95.014,4.0
3k3NWokhRRkEPhCzPmV8TW,Ojitos Lindos,59,258298,0,"['Bad Bunny', 'Bomba Estéreo']","['4q3ewBCX7sLwd24euuV69X', '5n9bMYfz9qss2VOW89EVs2']",2022-05-06,0.647,0.686,3.0,-5.745,0.0,0.0413,0.08,1.34e-06,0.528,0.268,79.928,4.0
2L9N0zZnd37dwF0clgxMGI,ceilings,58,182887,0,['Lizzy McAlpine'],['1GmsPCcpKgF9OhlNXjOsbS'],2022-04-08,0.516,0.322,9.0,-11.762,1.0,0.0292,0.473,0.00194,0.215,0.261,148.005,4.0
6uvh0In7u1Xn4HgxOfAn8O,Matilda,57,245964,0,['Harry Styles'],['6KImCVD70vtIoJWnq6nGn3'],2022-05-20,0.507,0.294,2.0,-10.0,1.0,0.04,0.896,1.97e-05,0.0966,0.386,114.199,4.0
6PdWPdgPoVCT9WLFMVnhxx,The View Between Villages,56,215341,0,['Noah Kahan'],['2RQXRUsr4IW1f3mKyKsy4B'],2022-10-14,0.317,0.167,1.0,-13.83,1.0,0.0467,0.826,5.58e-05,0.0729,0.0568,153.253,4.0
4uUG5RXrOk84mYEfFvj3cK,I'm Good (Blue),55,175238,1,"['David Guetta', 'Bebe Rexha']","['1Cs0zKBU1kc0i8ypK3B9ai', '64M6ah0SkkRsnPGtGiRAbb']",2022-08-26,0.561,0.965,7.0,-3.673,0.0,0.0343,0.00383,7.07e-06,0.371,0.304,128.04,4.0
0vjeOZ3Ft5jvAi9SBFJm1j,Superhero (Heroes & Villains) [with Future & Chris Brown],54,182666,1,"['Metro Boomin', 'Future', 'Chris Brown']","['0iEtIxbK0KxaSlF7G42ZOp', '1RyvyyTE3xzB2ZywiAwp0i', '7bXgB6jMjp9ATFy66eO08Z']",2022-12-02,0.709,0.583,5.0,-5.298,0.0,0.204,0.138,2.97e-06,0.195,0.533,116.624,4.0
3GYlZ7tbxLOxe6ewMNVTkw,TV,53,281380,0,['Billie Eilish'],['6qqNVTkY8uBg9cP3Jd7DAH'],2022-07-21,0.412,0.236,4.0,-15.159,0.0,0.0379,0.83,0.00653,0.147,0.119,140.214,4.0
4tYFy8ALRjIZvnvSLw5lxN,Party,52,227628,1,"['Bad Bunny', 'Rauw Alejandro']","['4q3ewBCX7sLwd24euuV69X', '1mcTU81TzQhprhouKaTkpq']",2022-05-06,0.829,0.799,9.0,-5.389,1.0,0.0897,0.0151,0.000543,0.242,0.471,97.013,4.0
1M39ETXmej4g9EMSeXPUgj,New Perspective,51,256871,0,['Noah Kahan'],['2RQXRUsr4IW1f3mKyKsy4B'],2022-10-14,0.693,0.524,5.0,-9.696,1.0,0.0407,0.267,1.83e-06,0.0839,0.453,156.529,4.0
0eaVIYo2zeOaGJeqZ5TwYz,No Pole,100,187613,1,['Don Toliver'],['4Gso3d4CscCijv0lmajZWs'],2023-02-28,0.328,0.631,5.0,-5.169,0.0,0.0465,0.0714,0.0,0.567,0.382,85.262,4.0
4Sb8neYCkT7lyMIo2kOOEC,Thinkin’ Bout Me,99,177387,0,['Morgan Wallen'],['4oUHIQIBe0LHzYfvXNW4QM'],2023-03-03,,,,,,,,,,,,
583dMdiUquLMenarTp7PQm,Last Night,98,163854,1,['Morgan Wallen'],['4oUHIQIBe0LHzYfvXNW4QM'],2023-03-03,,,,,,,,,,,,
4mtmmBBEgdJLYWnLy5zvWE,Cowgirls,97,181621,0,"['Morgan Wallen', 'ERNEST']","['4oUHIQIBe0LHzYfvXNW4QM', '4GGfAshSkqoxpZdoaHm7ky']",2023-03-03,,,,,,,,,,,,
4KULAymBBJcPRpk1yO4dOG,I Remember Everything (feat. Kacey Musgraves),96,227195,0,"['Zach Bryan', 'Kacey Musgraves']","['40ZNYROS4zLfyyBSs2PGe2', '70kkdajctXSbqSMJbQO424']",2023-08-25,0.429,0.453,0.0,-7.746,1.0,0.0459,0.554,2e-06,0.102,0.155,77.639,4.0
43iIQbw5hx986dUEZbr3eN,From The Start,95,169573,0,['Laufey'],['7gW0r5CkdEUMm42w9XpyZO'],2023-09-08,0.554,0.339,1.0,-10.088,1.0,0.0779,0.886,0.00128,0.11,0.83,80.994,4.0
736PP5LTtREkDgktNmX3Gu,Superpowers,94,174512,0,['Daniel Caesar'],['20wkVLutqVOYrc0kxFs7rA'],2023-04-07,0.459,0.433,7.0,-8.983,1.0,0.0367,0.614,0.0285,0.19,0.0482,106.626,4.0
0eBFgRxyVSeuT4iyrbukdn,Where the Wild Things Are,93,239544,0,['Luke Combs'],['718COspgdWOnwOFpJHRZHS'],2023-03-24,0.708,0.731,3.0,-4.872,1.0,0.0345,0.0189,4.47e-06,0.129,0.379,116.975,4.0
17phhZDn6oGtzMe56NuWvj,Lose Control,92,210688,0,['Teddy Swims'],['33qOK5uJ8AR2xuQQAhHump'],2023-09-15,0.561,0.604,9.0,-4.409,1.0,0.0337,0.199,1.9e-05,0.104,0.242,159.92,4.0
3Gn1zuHNLtGuGEOXwq0k7e,Think I'm In Love With You,91,222800,0,['Chris Stapleton'],['4YLtscXsxbVgi031ovDDdh'],2023-11-10,,,,,,,,,,,,
1Lo0QY9cvc8sUB2vnIOxDT,Fast Car,90,265284,0,['Luke Combs'],['718COspgdWOnwOFpJHRZHS'],2023-03-24,0.712,0.603,8.0,-5.52,1.0,0.0262,0.186,0.0,0.115,0.67,97.994,4.0
7CyPwkp0oE8Ro9Dd5CUDjW,"One Of The Girls (with JENNIE, Lily Rose Depp)",89,244684,0,"['The Weeknd', 'JENNIE', 'Lily-Rose Depp']","['1Xyo4u8uXC1ZmMpatF05PJ', '250b0Wlc5Vk0CoUsaCY84M', '1pBLC0qVRTB5zVMuteQ9jJ']",2023-06-23,0.264,0.64,8.0,-6.221,1.0,0.0442,0.0393,2.31e-06,0.151,0.19,84.828,4.0
5eVuVYp9OyD9dm6Wcyb5nr,Country Boy's Dream Girl,88,185026,0,['Ella Langley'],['6BRxQ8cD3eqnrVj6WKDok8'],2023-05-19,0.591,0.787,8.0,-4.56,1.0,0.0407,0.249,0.0,0.11,0.436,139.997,4.0
36vmaZyO0iAE6FZ7287fg2,Dive,87,200759,0,['Olivia Dean'],['00x1fYSGhdqScXBRpSj3DW'],2023-06-30,0.63,0.754,7.0,-5.982,1.0,0.0433,0.148,0.000141,0.131,0.279,90.051,4.0
3cPoiK69oQ1SdbB2j2ulGm,The Hardest Part,86,176048,0,['Olivia Dean'],['00x1fYSGhdqScXBRpSj3DW'],2023-06-30,0.537,0.57,0.0,-5.049,1.0,0.121,0.384,0.0,0.0991,0.429,187.76,4.0
6r6IPuFvUX72kQGc9b46rk,Amor,85,199877,0,['Emmanuel Cortes'],['7hDt3OE2ubsKzO9rMYPXox'],2023-07-28,,,,,,,,,,,,
4nHJcUtNSUVjXRnjdP29Bk,You’re Gonna Go Far,84,286369,1,['Noah Kahan'],['2RQXRUsr4IW1f3mKyKsy4B'],2023-06-09,0.586,0.358,7.0,-9.761,1.0,0.0308,0.556,0.0,0.11,0.365,169.925,4.0
3xOi0YhDREKRURFHoNaAOQ,Nine Ball,83,169940,0,['Zach Bryan'],['40ZNYROS4zLfyyBSs2PGe2'],2023-09-22,,,,,,,,,,,,
3dj4wgM3cPeuLwMNHDuBon,The Door,82,212648,0,['Teddy Swims'],['33qOK5uJ8AR2xuQQAhHump'],2023-09-15,,,,,,,,,,,,
0CAe35r1Vu2Rnl1VrBzfdV,Brown Noise Therapy Loop For Sleeping (Loopable no fade),81,142222,0,['Dream Supplier'],['6Cqtx9fpxzggIMuKn0RGCp'],2023-08-01,,,,,,,,,,,,
7j7ud2oFTJ8BjmeI8bjkQm,Texas,80,146133,1,['BigXthaPlug'],['6qxpnaukVayrQn6ViNvu9I'],2023-02-10,0.764,0.63,1.0,-5.993,0.0,0.268,0.0125,0.0,0.253,0.351,145.051,4.0
3vkCueOmm7xQDoJ17W1Pm3,My Love Mine All Mine,79,137773,0,['Mitski'],['2uYWxilOVlUdk4oV9DvwqK'],2023-09-15,,,,,,,,,,,,
1TE8AAk9koG0UJco6ZAUfx,Rock and A Hard Place,78,207540,0,['Bailey Zimmerman'],['3win9vGIxFfBRag9S63wwf'],2023-01-11,0.582,0.568,1.0,-7.3,1.0,0.0275,0.577,0.0,0.105,0.394,121.991,4.0
6393yGahSJ9slVdOwSxOVR,Pink Pony Club,77,258034,0,['Chappell Roan'],['7GlBOeep6PqTfFi59PTUUN'],2023-09-21,0.61,0.65,6.0,-6.199,1.0,0.0474,0.399,0.0,0.11,0.507,106.719,4.0
0rCFRyEy4WXjRXNpO80Dzs,Fall In Love,76,232058,0,['Bailey Zimmerman'],['3win9vGIxFfBRag9S63wwf'],2023-01-11,0.524,0.643,9.0,-6.055,1.0,0.0297,0.451,0.0,0.221,0.397,135.962,4.0
1kuGVB7EU95pJObxwvfwKS,vampire,75,219724,1,['Olivia Rodrigo'],['1McMsnEElThX1knmY4oliG'],2023-09-08,0.484,0.53,5.0,-5.821,1.0,0.0538,0.154,0.0,0.263,0.323,136.848,4.0
4Fm1GxOXJEiJQ3z6LCQbSP,Thought You Should Know,74,215571,1,['Morgan Wallen'],['4oUHIQIBe0LHzYfvXNW4QM'],2023-03-03,,,,,,,,,,,,
57a4iloBWqan5rtqPJBoVY,You Proof,73,157477,0,['Morgan Wallen'],['4oUHIQIBe0LHzYfvXNW4QM'],2023-03-03,,,,,,,,,,,,
3fWibgdtgIie6LKTZ2rUoI,So Far So Fake,72,236160,0,['Pierce The Veil'],['4iJLPqClelZOBCBifm8Fzv'],2023-02-10,0.504,0.895,2.0,-4.295,0.0,0.0839,0.00111,2.22e-06,0.173,0.371,125.117,4.0
5KP3uYT70kYwQYLXUwLlua,Excuse The Mess,71,205066,0,['Ella Langley'],['6BRxQ8cD3eqnrVj6WKDok8'],2023-05-19,0.517,0.743,11.0,-5.307,1.0,0.0324,0.331,0.0,0.0901,0.431,150.109,4.0
4MjDJD8cW7iVeWInc2Bdyj,MONACO,70,267194,1,['Bad Bunny'],['4q3ewBCX7sLwd24euuV69X'],2023-10-13,0.787,0.621,4.0,-5.009,0.0,0.068,0.15,0.000402,0.58,0.13,139.056,4.0
3rUGC1vUpkDG9CZFHMur1t,greedy,69,131872,1,['Tate McRae'],['45dkTj5sMRSjrmBSBeiHym'],2023-09-15,0.749,0.729,6.0,-3.19,0.0,0.0321,0.261,0.0,0.113,0.816,111.004,4.0
6vOeokRJNZjouabFGDLH1C,Levels,68,157377,1,['BigXthaPlug'],['6qxpnaukVayrQn6ViNvu9I'],2023-02-10,0.8,0.555,5.0,-7.487,1.0,0.244,0.116,0.0,0.562,0.502,121.932,4.0
3vA24UtKMDGaK5KkzsulYD,In Between,67,220393,1,['Treaty Oak Revival'],['3444S3C4U9Ts86BnCtSPRV'],2023-11-24,0.503,0.949,3.0,-3.558,1.0,0.109,0.0128,0.0,0.113,0.284,147.086,4.0
1DgtQlVNotingln271ZKCx,White Horse,66,267893,0,['Chris Stapleton'],['4YLtscXsxbVgi031ovDDdh'],2023-11-10,,,,,,,,,,,,
4YsnwsPURRSvprBHBY1BCd,Disillusioned (with serpentwithfeet),65,241232,1,"['Daniel Caesar', 'serpentwithfeet']","['20wkVLutqVOYrc0kxFs7rA', '1O9iHQjrVuiAYOJFCBeFSl']",2023-04-07,0.792,0.548,9.0,-3.899,1.0,0.0366,0.0754,1.02e-05,0.0581,0.619,97.0,4.0
7DSAEUvxU8FajXtRloy8M0,Flowers,64,200600,0,['Miley Cyrus'],['5YGY8feqx7naU7z4HrwZM6'],2023-08-18,0.706,0.691,0.0,-4.775,1.0,0.0633,0.0584,6.99e-05,0.0232,0.632,118.048,4.0
4e76Ss3ji7HQZ4qwcPNkNA,MIENTRAS DUERMES,63,226035,1,['Junior H'],['7Gi6gjaWy3DxyilpF1a8Is'],2023-10-05,0.752,0.645,11.0,-6.656,1.0,0.037,0.246,0.0,0.0972,0.923,125.132,4.0
6DLbBlGIOjjEj0dNN25zhZ,Tennessee Orange,62,223119,0,['Megan Moroney'],['5Ppie0uPnbnvGBYRwYmlt0'],2023-05-05,0.38,0.488,9.0,-6.637,1.0,0.029,0.126,7.23e-06,0.115,0.268,156.031,4.0
28UbGXKOcm70brxGctiek4,Loving You On My Mind,61,209040,0,['Chris Stapleton'],['4YLtscXsxbVgi031ovDDdh'],2023-11-10,,,,,,,,,,,,
1k2pQc5i348DCHwbn5KTdc,Pink Pony Club,60,258034,0,['Chappell Roan'],['7GlBOeep6PqTfFi59PTUUN'],2023-09-22,0.61,0.65,6.0,-6.199,1.0,0.0474,0.399,0.0,0.11,0.507,106.719,4.0
4iVj0UxqLlgrFWNdOnCwFS,Mrs Magic (Strings Version),59,221929,0,['Strawberry Guy'],['1AbJ2cmwK400LSvdvBL5Jc'],2023-10-04,,,,,,,,,,,,
2LlOeW5rVcvl3QcPNPcDus,Always,58,225312,1,['Daniel Caesar'],['20wkVLutqVOYrc0kxFs7rA'],2023-04-07,0.578,0.436,2.0,-8.202,1.0,0.0461,0.666,1.9e-06,0.106,0.199,135.86,4.0
08PdFBcXzpkn1cWNgmKqhn,Promise,57,234266,0,['Laufey'],['7gW0r5CkdEUMm42w9XpyZO'],2023-09-08,0.263,0.112,5.0,-16.55,1.0,0.0344,0.935,8.5e-05,0.0565,0.0903,76.244,4.0
2zvyQcGlZp3VsdTE6xkI6h,Stop & Stare,56,212491,0,['Treaty Oak Revival'],['3444S3C4U9Ts86BnCtSPRV'],2023-11-24,0.458,0.968,2.0,-3.49,1.0,0.0636,0.00516,3.31e-05,0.105,0.424,149.917,4.0
0B97qFqGUnLvV2tXZpXfxf,Deep Sleep Brown Noise,55,163669,0,['Bits & Noise'],['7kcK3nZZHSgYrQLdexefpQ'],2023-06-02,0.0648,0.182,1.0,-37.952,1.0,0.219,0.509,0.405,0.112,0.0629,76.238,4.0
6QT6j7rKt7Vk3IuV2AUO9W,lacy,54,177212,0,['Olivia Rodrigo'],['1McMsnEElThX1knmY4oliG'],2023-09-08,0.395,0.367,3.0,-7.653,1.0,0.0324,0.815,0.0,0.11,0.426,77.968,4.0
3WSOUb3U7tqURbBSgZTrZX,Casual,53,232796,1,['Chappell Roan'],['7GlBOeep6PqTfFi59PTUUN'],2023-09-22,0.508,0.411,1.0,-6.95,1.0,0.0269,0.226,0.0,0.0571,0.34,131.008,4.0
2Zo1PcszsT9WQ0ANntJbID,Feather,52,185552,1,['Sabrina Carpenter'],['74KM79TiuVKeVCqs8QtB0B'],2023-03-17,0.791,0.694,6.0,-4.332,0.0,0.0335,0.0736,1.75e-06,0.0958,0.826,123.508,4.0
51hyZpbJlIgZIaX3TtMxmu,run for the hills,51,143940,1,['Tate McRae'],['45dkTj5sMRSjrmBSBeiHym'],2023-12-08,0.543,0.857,8.0,-3.341,1.0,0.0945,0.502,0.0,0.119,0.321,129.918,4.0
0eAuGrXyGFYwur9ARUe7LJ,Earrings,100,151500,0,['Malcolm Todd'],['7eKkW1zo5uzW8kUntiiBvz'],2024-04-05,0.498,0.505,10.0,-8.644,0.0,0.0524,0.233,2.8e-05,0.365,0.547,79.877,4.0
6dOtVTDdiauQNBQEDOtlAB,BIRDS OF A FEATHER,99,210373,0,['Billie Eilish'],['6qqNVTkY8uBg9cP3Jd7DAH'],2024-05-17,0.747,0.507,2.0,-10.171,1.0,0.0358,0.2,0.0608,0.117,0.438,104.978,4.0
2RkZ5LkEzeHGRsmDqKwmaJ,Ordinary,98,186964,0,['Alex Warren'],['0fTSzq9jAh4c36UVb4V7CB'],2024-09-26,0.368,0.694,2.0,-6.141,1.0,0.06,0.704,6.59e-06,0.055,0.391,168.115,4.0
59c2xv2kMzYM6HR9oY6BIa,Sweet Boy,97,180000,1,['Malcolm Todd'],['7eKkW1zo5uzW8kUntiiBvz'],2024-04-05,0.774,0.371,5.0,-9.54,0.0,0.0309,0.367,2.75e-06,0.298,0.707,88.013,4.0
2A22iI0x4EYAVXNpKPhNEM,weren't for the wind,96,193666,0,['Ella Langley'],['6BRxQ8cD3eqnrVj6WKDok8'],2024-11-01,0.466,0.804,6.0,-4.638,0.0,0.0457,0.162,0.0,0.155,0.451,151.943,4.0
4ZJ4vzLQekI0WntDbanNC7,Pink Skies,95,194920,0,['Zach Bryan'],['40ZNYROS4zLfyyBSs2PGe2'],2024-05-24,0.525,0.488,0.0,-6.909,1.0,0.038,0.191,5.14e-05,0.135,0.253,84.999,4.0
0WbMK4wrZ1wFSty9F7FCgu,"Good Luck, Babe!",94,218423,0,['Chappell Roan'],['7GlBOeep6PqTfFi59PTUUN'],2024-04-05,0.7,0.582,11.0,-5.96,0.0,0.0356,0.0502,0.0,0.0881,0.785,116.712,4.0
3siwsiaEoU4Kuuc9WKMUy5,No One Noticed,93,236906,0,['The Marías'],['2sSGPbdZJkaSE2AbcGOACx'],2024-05-31,0.705,0.339,7.0,-10.612,1.0,0.0278,0.552,0.0814,0.12,0.457,97.989,4.0
5vPUv0xziXbV4lnWeVNXNq,Roommates,92,214504,0,['Malcolm Todd'],['7eKkW1zo5uzW8kUntiiBvz'],2024-04-05,0.755,0.292,0.0,-13.611,0.0,0.0311,0.619,1.34e-06,0.114,0.437,110.005,4.0
1osfLqL6L2iQsirRf83ded,Worst Way,91,220558,0,['Riley Green'],['2QMsj4XJ7ne2hojxt6v5eb'],2024-04-12,0.366,0.492,11.0,-7.9,1.0,0.0324,0.0899,0.000994,0.132,0.349,197.768,4.0
6AI3ezQ4o3HUoP6Dhudph3,Not Like Us,90,274192,1,['Kendrick Lamar'],['2YZyLoL8N0Wb9xBt1NhZWg'],2024-05-04,0.898,0.472,1.0,-7.001,1.0,0.0776,0.0107,0.0,0.141,0.214,101.061,4.0
6GG4yyk3UATdBfTHVgI8PB,Ain't No Love In Oklahoma (From Twisters: The Album),89,210950,0,['Luke Combs'],['718COspgdWOnwOFpJHRZHS'],2024-05-16,0.487,0.658,5.0,-9.973,1.0,0.0296,0.00877,0.00777,0.1,0.282,142.18,4.0
3QaPy1KgI7nu9FJEQUgn6h,WILDFLOWER,88,261466,0,['Billie Eilish'],['6qqNVTkY8uBg9cP3Jd7DAH'],2024-05-17,0.467,0.247,6.0,-12.002,0.0,0.0431,0.612,0.000271,0.17,0.126,148.101,4.0
0InIeZW4P6VO7dUGRM4AKH,Sienna,87,224840,0,['The Marías'],['2sSGPbdZJkaSE2AbcGOACx'],2024-05-31,0.685,0.468,7.0,-9.405,1.0,0.031,0.583,0.57,0.159,0.594,147.993,4.0
4WFgvKVfEhb3IUAFGrutTR,Love Me Not,86,213466,0,['Ravyn Lenae'],['5RTLRtXjbXI2lSXc6jxlAz'],2024-08-09,0.779,0.731,0.0,-6.176,1.0,0.0306,0.296,0.0,0.128,0.814,114.001,4.0
7ne4VBA60CxGM75vw0EYad,That’s So True,85,166300,1,['Gracie Abrams'],['4tuJ0bMpJh08umKkEXKUI5'],2024-10-18,0.554,0.808,1.0,-4.169,1.0,0.0368,0.214,0.0,0.159,0.372,108.548,4.0
2PyJAiQjp1OPkow2FJZKHR,you look like you love me (feat. Riley Green),84,224280,0,"['Ella Langley', 'Riley Green']","['6BRxQ8cD3eqnrVj6WKDok8', '2QMsj4XJ7ne2hojxt6v5eb']",2024-08-02,0.663,0.675,11.0,-5.851,1.0,0.0321,0.353,0.0,0.21,0.455,128.942,4.0
3t6gUcGYLrUuqwpXjOFWQc,I Never Lie,83,224906,0,['Zach Top'],['4FGPzWzgjURDNT7JQ8pYgH'],2024-04-05,0.782,0.641,3.0,-6.431,1.0,0.0275,0.332,0.00923,0.108,0.522,107.997,4.0
5IZXB5IKAD2qlvTPJYDCFB,I Had Some Help (Feat. Morgan Wallen),82,178205,1,"['Post Malone', 'Morgan Wallen']","['246dkjvS1zLTtiykXe5h60', '4oUHIQIBe0LHzYfvXNW4QM']",2024-08-15,0.644,0.874,0.0,-4.723,1.0,0.0265,0.0113,0.0,0.227,0.753,128.017,4.0
1FHIZknONrV2c20w0x5AVG,Don't Mind If I Do,81,218946,0,"['Riley Green', 'Ella Langley']","['2QMsj4XJ7ne2hojxt6v5eb', '6BRxQ8cD3eqnrVj6WKDok8']",2024-10-18,0.411,0.369,5.0,-9.579,1.0,0.031,0.686,0.0,0.157,0.214,87.548,4.0
0aB0v4027ukVziUGwVGYpG,tv off (feat. lefty gunplay),80,220690,1,"['Kendrick Lamar', 'Lefty Gunplay']","['2YZyLoL8N0Wb9xBt1NhZWg', '1jiZvw42D4oquLl24x2VWV']",2024-11-22,0.855,0.529,6.0,-6.679,0.0,0.263,0.0837,0.0,0.423,0.548,100.036,4.0
3EO58D1YpHnTvBy68gK8HE,Wind Up Missin’ You,79,166666,1,['Tucker Wetmore'],['4sCKpwwEsgReZxjtKFm2A0'],2024-10-04,0.571,0.717,6.0,-5.807,1.0,0.0365,0.508,1.17e-06,0.112,0.661,171.858,4.0
3xkHsmpQCBMytMJNiDf3Ii,Beautiful Things,78,180304,0,['Benson Boone'],['22wbnEMDvgVIAGdFeek6ET'],2024-04-05,0.472,0.471,10.0,-5.692,1.0,0.0603,0.151,0.0,0.14,0.219,105.029,4.0
76JKIsdKrAfWUMjaA0u7v5,Too Sweet,77,251424,0,['Hozier'],['2FXC3k01G6Gw61bmprjgqS'],2024-08-19,,,,,,,,,,,,
5G2f63n7IPVPPjfNIGih7Q,Taste,76,157279,0,['Sabrina Carpenter'],['74KM79TiuVKeVCqs8QtB0B'],2024-08-23,0.674,0.907,3.0,-4.086,1.0,0.064,0.101,0.0,0.297,0.721,112.964,4.0
2plbrEY59IikOBgBGLjaoe,Die With A Smile,75,251667,0,"['Lady Gaga', 'Bruno Mars']","['1HY2Jd0NmPuamShAr6KMms', '0du5cEVh5yTK9QJze8zA0C']",2024-08-16,0.521,0.592,6.0,-7.777,0.0,0.0304,0.308,0.0,0.122,0.535,157.969,4.0
0hta2Lb2zKJ7kEnAEZEE3G,Nope your too late i already died,74,90067,0,"['wifiskeleton', 'i wanna be a jack-o-lantern']","['0TvvDswOgvPbgSPK2RDf62', '2kU94AZG0xEVKnOUKDbEfg']",2024-10-22,0.704,0.597,4.0,-10.458,0.0,0.036,0.105,0.00835,0.264,0.978,119.993,4.0
2tudvzsrR56uom6smgOcSf,Like That,73,267706,1,"['Future', 'Metro Boomin', 'Kendrick Lamar']","['1RyvyyTE3xzB2ZywiAwp0i', '0iEtIxbK0KxaSlF7G42ZOp', '2YZyLoL8N0Wb9xBt1NhZWg']",2024-03-22,0.814,0.676,11.0,-4.67,0.0,0.231,0.00709,1.28e-05,0.119,0.312,162.012,4.0
2CGNAOSuO1MEFCbBRgUzjd,luther (with sza),72,177598,0,"['Kendrick Lamar', 'SZA']","['2YZyLoL8N0Wb9xBt1NhZWg', '7tYKF4w9nC0nq9CsPZTHyP']",2024-11-21,0.707,0.575,2.0,-7.546,1.0,0.125,0.251,0.0,0.248,0.576,138.008,4.0
13TtTCE6v8vwTSgWJPjwLl,girl you're taking home,71,184706,0,['Ella Langley'],['6BRxQ8cD3eqnrVj6WKDok8'],2024-11-01,0.572,0.575,6.0,-5.859,0.0,0.0273,0.552,0.0,0.108,0.388,135.984,4.0
0FTmksd2dxiE5e3rWyJXs6,back to friends,70,199032,0,['sombr'],['4G9NDjRyZFDlJKMRL8hx3S'],2024-12-27,0.436,0.723,1.0,-2.291,1.0,0.0301,9.37e-05,8.82e-05,0.0929,0.235,92.855,4.0
3Vr3zh0r7ALn8VLqCiRR10,Stargazing,69,172533,0,['Myles Smith'],['3bO19AOone0ubCsfDXDtYt'],2024-05-10,0.635,0.601,1.0,-6.129,0.0,0.0295,0.246,0.0,0.11,0.332,123.994,4.0
79IgD1wf3xltQdDK3l5Why,In My Room,68,163874,0,['Julia Wolf'],['5yvGiZLSWJTPBlZpVbPnEZ'],2024-03-22,0.36,0.715,9.0,-5.17,1.0,0.0745,0.0342,0.0,0.219,0.386,159.749,4.0
0l0vcZMU7AOeQmUIREoI2U,Qué Pasaría...,67,191018,1,"['Rauw Alejandro', 'Bad Bunny']","['1mcTU81TzQhprhouKaTkpq', '4q3ewBCX7sLwd24euuV69X']",2024-11-15,0.833,0.563,4.0,-5.593,0.0,0.204,0.528,1.27e-05,0.139,0.343,105.008,4.0
2HRqTpkrJO5ggZyyK6NPWz,Espresso,66,175459,1,['Sabrina Carpenter'],['74KM79TiuVKeVCqs8QtB0B'],2024-08-23,0.699,0.776,0.0,-5.282,1.0,0.0293,0.131,5.36e-06,0.205,0.708,103.963,4.0
1PREzVLuDT6PSE9sej4wnV,COQUETA,65,241648,0,"['Fuerza Regida', 'Grupo Frontera']","['0ys2OFYzWYB5hRDLCsBqxt', '6XkjpgcEsYab502Vr1bBeW']",2024-12-19,0.74,0.819,1.0,-4.853,0.0,0.0866,0.244,0.0,0.107,0.884,78.975,4.0
5AJ9hqTS2wcFQCELCFRO7A,MILLION DOLLAR BABY,64,155151,0,['Tommy Richman'],['1WaFQSHVGZQJTbf0BdxdNo'],2024-04-26,0.852,0.697,1.0,-5.52,0.0,0.0439,0.0973,0.00037,0.0678,0.919,138.029,4.0
4QpuZ1Qbcd11aOtY1kGMRg,The Fall,63,197626,0,['Cody Johnson'],['6zLBxLdl60ekBLpawtT63I'],2024-11-01,0.354,0.535,3.0,-5.564,1.0,0.0291,0.199,2.48e-06,0.12,0.183,78.615,4.0
1KZG1H1OCugGqIRmk1wF9m,Indigo (feat. Avery Anna),62,286634,0,"['Sam Barber', 'Avery Anna']","['08GfvCW09pv2QP4y9sle2a', '5rjz63sgMaAUAyBMyCUK5D']",2024-11-01,0.495,0.327,4.0,-9.921,0.0,0.0281,0.462,2.74e-05,0.1,0.101,82.937,4.0
2uvE4L5ZsYKpv8hbK4TIOt,MUTT,61,192933,1,['Leon Thomas'],['0nnBZ8FXWjG9wZgM2cpfeb'],2024-09-27,0.572,0.455,1.0,-8.078,1.0,0.134,0.216,3.88e-06,0.072,0.597,179.787,4.0
7BRD7x5pt8Lqa1eGYC4dzj,CHIHIRO,60,303440,0,['Billie Eilish'],['6qqNVTkY8uBg9cP3Jd7DAH'],2024-05-17,0.7,0.425,7.0,-12.531,1.0,0.0529,0.144,0.879,0.083,0.521,110.015,4.0
51rfRCiUSvxXlCSCfIztBy,"I Love You, I'm Sorry",59,157146,1,['Gracie Abrams'],['4tuJ0bMpJh08umKkEXKUI5'],2024-06-21,0.53,0.406,10.0,-7.507,1.0,0.033,0.656,0.0,0.133,0.338,115.94,4.0
51ZQ1vr10ffzbwIjDCwqm4,we can't be friends (wait for your love),58,228639,0,['Ariana Grande'],['66CXWjxzNUsdJxJ2JdwvnR'],2024-03-08,0.645,0.646,5.0,-8.334,1.0,0.0427,0.0615,3.04e-05,0.074,0.295,115.842,4.0
5fZJQrFKWQLb7FpJXZ1g7K,A Bar Song (Tipsy),57,171291,1,['Shaboozey'],['3y2cIKLjiOlp1Np37WiUdH'],2024-05-31,0.722,0.706,9.0,-4.857,1.0,0.0292,0.072,0.0,0.067,0.599,80.969,4.0
2tHwzyyOLoWSFqYNjeVMzj,Please Please Please,56,186365,1,['Sabrina Carpenter'],['74KM79TiuVKeVCqs8QtB0B'],2024-08-23,0.675,0.586,9.0,-6.086,1.0,0.0531,0.257,0.0,0.104,0.621,107.015,4.0
3D24ErT1MMmUfXWotSj2A2,ME JALO,55,212002,1,"['Fuerza Regida', 'Grupo Frontera']","['0ys2OFYzWYB5hRDLCsBqxt', '6XkjpgcEsYab502Vr1bBeW']",2024-12-19,0.47,0.75,2.0,-5.887,0.0,0.112,0.216,0.0,0.169,0.62,79.814,4.0
6aJn7Cst74cj4lNIiPRgav,Touch,54,129882,0,['KATSEYE'],['3c0gDdb9lhnHGFtP4prQpn'],2024-07-26,0.739,0.904,5.0,-2.655,0.0,0.0442,0.549,1.03e-05,0.0948,0.788,167.033,4.0
6jbYpRPTEFl1HFKHk1IC0m,Like Him (feat. Lola Young),53,278014,1,"['Tyler, The Creator', 'Lola Young']","['4V8LLVI7PbaPR0K2TGSxFF', '67FB4n52MgexGQIG8s0yUH']",2024-10-28,0.392,0.555,4.0,-6.707,0.0,0.039,0.287,0.000253,0.13,0.191,96.063,4.0
2uqYupMHANxnwgeiXTZXzd,Austin (Boots Stop Workin'),52,171782,1,['Dasha'],['7Ez6lTtSMjMf2YSYpukP1I'],2024-02-16,0.756,0.672,0.0,-6.743,1.0,0.0522,0.464,3.37e-06,0.108,0.739,114.935,4.0
3neOwym9kfYsM1QWaR77C1,The Largest,51,132160,1,['BigXthaPlug'],['6qxpnaukVayrQn6ViNvu9I'],2024-10-11,0.899,0.86,5.0,-2.699,0.0,0.244,0.0579,0.0,0.0854,0.789,130.995,4.0
65DbTqJKhbwqYbZ1Okr0rc,Choosin' Texas,100,232226,0,['Ella Langley'],['6BRxQ8cD3eqnrVj6WKDok8'],2025-10-17,0.683,0.78,1.0,-4.74,1.0,0.031,0.00939,0.0,0.194,0.486,112.027,4.0
1DwscornXpj8fmOmYVlqZt,Stateside + Zara Larsson,99,184761,0,"['PinkPantheress', 'Zara Larsson']","['78rUTD7y6Cy67W1RVzYs7t', '1Xylc3o4UrD53lo9CvFvVg']",2025-10-10,0.676,0.664,6.0,-5.919,1.0,0.0864,0.0725,5.65e-05,0.26,0.847,123.455,4.0
6sGIMrtIzQjdzNndVxe397,So Easy (To Fall In Love),98,169000,0,['Olivia Dean'],['00x1fYSGhdqScXBRpSj3DW'],2025-09-26,0.749,0.633,3.0,-5.917,1.0,0.0373,0.665,0.0,0.0817,0.572,139.898,4.0
3sK8wGT43QFpWrvNQsrQya,DtMF,97,237117,1,['Bad Bunny'],['4q3ewBCX7sLwd24euuV69X'],2025-01-05,0.625,0.131,7.0,-27.405,0.0,0.0717,0.177,0.218,0.0807,0.032,136.02,4.0
1qbmS6ep2hbBRaEZFpn7BX,Man I Need,96,184000,0,['Olivia Dean'],['00x1fYSGhdqScXBRpSj3DW'],2025-08-15,0.808,0.593,1.0,-7.27,1.0,0.0714,0.488,0.000451,0.0933,0.688,119.008,4.0
5ViLKrbyL3HD6wsq3AB9eI,White Keys,95,144101,0,['Dominic Fike'],['6USv9qhCn6zfxlBQIYJ9qs'],2025-11-14,,,,,,,,,,,,
5BZsQlgw21vDOAjoqkNgKb,DAISIES,94,176453,0,['Justin Bieber'],['1uNFoZAHBGtllmzznpCI3s'],2025-07-11,0.802,0.384,8.0,-8.906,1.0,0.054,0.715,0.000686,0.108,0.482,110.153,4.0
1CPZ5BxNNd0n0nF4Orb9JS,Golden,93,194607,0,"['HUNTR/X', 'EJAE', 'AUDREY NUNA', 'REI AMI', 'KPop Demon Hunters Cast']","['2yNNYQBChuox9A5Ka93BIn', '0RMJOzHDhAKY1o2j0W0vxY', '0Wwji82sLA0Hcvtuak3omb', '6U1dV7aL68N7Gb0Naq34V5', '7mW7Tv7NvywKKXqafZo0Lc']",2025-06-20,0.651,0.686,4.0,-4.371,0.0,0.0616,0.0966,0.0,0.185,0.104,122.715,4.0
4gfrYDtaRmp6HPvN80V2ob,I Got Better,92,204963,0,['Morgan Wallen'],['4oUHIQIBe0LHzYfvXNW4QM'],2025-05-16,0.598,0.798,0.0,-4.587,1.0,0.0295,0.576,0.000564,0.155,0.542,84.986,4.0
3BgK59BTBUs8iQtnegfMfz,Clean Baby Sleep White Noise (Loopable no fade),91,142222,0,['Dream Supplier'],['6Cqtx9fpxzggIMuKn0RGCp'],2025-06-08,,,,,,,,,,,,
53iuhJlwXhSER5J2IYYv1W,The Fate of Ophelia,90,226073,0,['Taylor Swift'],['06HL4z0CvFAxyc27GXpf02'],2025-10-03,0.726,0.598,5.0,-5.179,1.0,0.0291,0.265,0.0,0.102,0.519,123.921,4.0
5TFD2bmFKGhoCRbX61nXY5,NUEVAYoL,89,183685,0,['Bad Bunny'],['4q3ewBCX7sLwd24euuV69X'],2025-01-05,0.142,0.195,6.0,-20.024,1.0,0.139,0.265,0.995,0.204,0.12,137.922,4.0
2lTm559tuIvatlT1u0JYG2,BAILE INoLVIDABLE,88,367725,1,['Bad Bunny'],['4q3ewBCX7sLwd24euuV69X'],2025-01-05,0.168,0.00332,10.0,-46.113,1.0,0.0615,0.192,0.79,0.112,0.219,119.387,4.0
6J5kc12BW5HuP3d7C3vvx8,EoO,87,204768,1,['Bad Bunny'],['4q3ewBCX7sLwd24euuV69X'],2025-01-05,0.36,0.464,10.0,-29.598,0.0,0.0702,0.749,0.859,0.0825,0.184,63.662,4.0
7AeM1BGYM7emrqmQn1PuWv,I'm The Problem,86,177811,0,['Morgan Wallen'],['4oUHIQIBe0LHzYfvXNW4QM'],2025-05-16,0.549,0.752,5.0,-4.94,0.0,0.0367,0.665,1.2e-05,0.102,0.446,92.053,4.0
0FIDCNYYjNvPVimz5icugS,Timeless (feat Playboi Carti),85,256000,1,"['The Weeknd', 'Playboi Carti']","['1Xyo4u8uXC1ZmMpatF05PJ', '699OTQXzgjhIYAHMy9RyPD']",2025-01-31,0.768,0.775,11.0,-5.06,0.0,0.0466,0.069,2.96e-06,0.138,0.6,119.999,4.0
29iva9idM6rFCPUlu7Rhxl,YUKON,84,163866,0,['Justin Bieber'],['1uNFoZAHBGtllmzznpCI3s'],2025-07-11,0.446,0.301,7.0,-12.748,0.0,0.218,0.802,0.000164,0.105,0.589,80.572,4.0
3yWuTOYDztXjZxdE2cIRUa,Opalite,83,235355,0,['Taylor Swift'],['06HL4z0CvFAxyc27GXpf02'],2025-10-03,0.806,0.819,4.0,-5.033,0.0,0.0384,0.0784,0.0,0.0371,0.802,124.994,4.0
7qjZnBKE73H4Oxkopwulqe,back to friends,82,199032,0,['sombr'],['4G9NDjRyZFDlJKMRL8hx3S'],2025-08-22,0.436,0.723,1.0,-2.291,1.0,0.0301,9.37e-05,8.82e-05,0.0929,0.235,92.855,4.0
05od2qm2MTSKCHxy1GBp5W,12 to 12,81,242903,0,['sombr'],['4G9NDjRyZFDlJKMRL8hx3S'],2025-08-22,0.659,0.898,11.0,-2.578,0.0,0.0526,0.0134,5.02e-06,0.0971,0.511,123.992,4.0
2gYTC8DsplN3RNdpdBcCOQ,Die On This Hill,80,217008,0,['SIENNA SPIRO'],['02gSuSAWEdWa5UOvqzjX6v'],2025-10-10,0.523,0.429,5.0,-4.642,0.0,0.0288,0.76,4.27e-06,0.349,0.247,82.457,4.0
3cZajhyr8LmtPfHZ9296tj,No Broke Boys,79,163994,1,"['Disco Lines', 'Tinashe']","['5Kmr0b3ip8g9P2i0dLTC3Z', '0NIIxcxNHmOoyBx03SfTCD']",2025-06-06,0.767,0.834,1.0,-7.415,0.0,0.0315,0.34,0.111,0.0901,0.962,130.999,4.0
6DH13QYXK7lKkYHSU88N48,Who Knows,78,226283,0,['Daniel Caesar'],['20wkVLutqVOYrc0kxFs7rA'],2025-10-24,0.674,0.257,5.0,-14.948,0.0,0.0355,0.756,1.38e-05,0.362,0.391,120.902,4.0
0YsIYFRoxkmEvbKCwTp0Tg,20 Cigarettes,77,160901,0,['Morgan Wallen'],['4oUHIQIBe0LHzYfvXNW4QM'],2025-05-16,0.629,0.57,10.0,-5.733,0.0,0.0243,0.725,0.0,0.145,0.399,98.015,4.0
3pAVk6Ydn0dcGpG8gDyxSJ,Hell At Night (feat. Ella Langley),76,179240,0,"['BigXthaPlug', 'Ella Langley']","['6qxpnaukVayrQn6ViNvu9I', '6BRxQ8cD3eqnrVj6WKDok8']",2025-08-22,0.683,0.58,0.0,-6.369,1.0,0.0419,0.054,0.0,0.092,0.226,150.048,4.0
3oTuTpF1F3A7rEC6RKsMRz,Raindance (feat. Tems),75,219743,0,"['Dave', 'Tems']","['6Ip8FS7vWT1uKkJSweANQK', '687cZJR45JO7jhk1LHIbgq']",2025-10-23,0.796,0.741,1.0,-6.815,1.0,0.0789,0.236,0.0619,0.103,0.249,107.0,4.0
554qQSs9lpRVq6TlaaiIKT,4 Raws,74,146666,1,['EsDeeKid'],['0EyhkwP3UnwGFBy6xwKjSy'],2025-06-20,0.614,0.579,6.0,-7.481,0.0,0.0443,0.0124,0.608,0.141,0.194,144.041,4.0
312z6PZ8wwREck8613PkJk,A Couple Minutes,73,212000,0,['Olivia Dean'],['00x1fYSGhdqScXBRpSj3DW'],2025-09-26,0.56,0.406,3.0,-7.733,1.0,0.0369,0.709,0.0,0.359,0.164,124.782,4.0
2BwO5K8Q7EPAJSGze3AAh9,Manchild,72,213645,1,['Sabrina Carpenter'],['74KM79TiuVKeVCqs8QtB0B'],2025-08-29,0.73,0.686,7.0,-5.107,1.0,0.0615,0.0987,0.0,0.317,0.839,123.014,4.0
04emojnbYkrRmv5qtJcgVP,What I Want (feat. Tate McRae),71,184517,0,"['Morgan Wallen', 'Tate McRae']","['4oUHIQIBe0LHzYfvXNW4QM', '45dkTj5sMRSjrmBSBeiHym']",2025-05-16,0.657,0.699,9.0,-3.92,1.0,0.0262,0.639,0.0,0.148,0.495,115.998,4.0
0bxPRWprUVpQK0UFcddkrA,Folded,70,238120,0,['Kehlani'],['0cGUm45nv7Z6M6qdXYQGTX'],2025-06-11,0.572,0.598,1.0,-7.189,1.0,0.0564,0.295,0.0,0.12,0.498,135.578,4.0
55lijDD6OAjLFFUHU9tcDm,WHERE IS MY HUSBAND!,69,197142,0,['RAYE'],['5KKpBU5eC2tJDzf0wmlRp2'],2025-09-19,0.39,0.781,8.0,-7.04,1.0,0.0918,0.0599,0.0,0.14,0.628,115.939,4.0
21IYMdzTrzSe191Cy5eMap,Sailor Song,68,211978,0,['Gigi Perez'],['1iCnM8foFssWlPRLfAbIwo'],2025-04-25,0.499,0.392,11.0,-10.441,1.0,0.0262,0.627,7.1e-05,0.192,0.272,95.076,4.0
7B3BwNecBhKvNwSMOOl7Gk,Fame is a Gun,67,183237,0,['Addison Rae'],['4gvjmrtzydbMpyJaXUtwvP'],2025-06-06,0.692,0.399,3.0,-7.325,0.0,0.035,0.165,0.00109,0.1,0.411,137.976,4.0
7gKxCvTDWwV9wBhdeBbr3l,Nice To Each Other,66,209000,0,['Olivia Dean'],['00x1fYSGhdqScXBRpSj3DW'],2025-05-30,0.761,0.737,0.0,-6.869,1.0,0.049,0.406,0.00166,0.364,0.738,131.998,4.0
3DjMtj3Q1gUm1wIVnVekPC,What You Saying,65,131729,0,['Lil Uzi Vert'],['4O15NlyKLIASxsJ0PrXPfz'],2025-12-22,0.634,0.731,11.0,-7.801,0.0,0.205,0.00777,0.0,0.168,0.354,133.146,4.0
1xOqGUkyxGQRdCvGpvWKmL,Gabriela,64,197226,0,['KATSEYE'],['3c0gDdb9lhnHGFtP4prQpn'],2025-06-20,0.653,0.754,7.0,-4.579,1.0,0.0692,0.184,0.0,0.369,0.623,145.884,4.0
59D4DOkspUbWyMmbAPQkxZ,VOY A LLeVARTE PA PR,63,156364,1,['Bad Bunny'],['4q3ewBCX7sLwd24euuV69X'],2025-01-05,0.148,0.604,7.0,-35.032,1.0,0.0588,0.921,0.453,0.405,1e-05,106.295,4.0
25jgQBxuUkGDdCG1WGKKN9,House Tour,62,169214,0,['Sabrina Carpenter'],['74KM79TiuVKeVCqs8QtB0B'],2025-08-29,0.765,0.877,6.0,-4.897,1.0,0.0844,0.13,0.0,0.352,0.608,117.997,4.0
0TFTAtCYhp2tQ9KcJIZb55,undressed,61,182088,0,['sombr'],['4G9NDjRyZFDlJKMRL8hx3S'],2025-08-22,0.642,0.887,0.0,-3.883,1.0,0.0406,0.137,0.0,0.0829,0.888,115.999,4.0
3RXUgPNIbUgFxsDWuBQEt6,How It’s Done,60,176059,0,"['HUNTR/X', 'EJAE', 'AUDREY NUNA', 'REI AMI', 'KPop Demon Hunters Cast']","['2yNNYQBChuox9A5Ka93BIn', '0RMJOzHDhAKY1o2j0W0vxY', '0Wwji82sLA0Hcvtuak3omb', '6U1dV7aL68N7Gb0Naq34V5', '7mW7Tv7NvywKKXqafZo0Lc']",2025-06-20,0.604,0.857,2.0,-3.372,1.0,0.0967,0.0114,0.0,0.322,0.614,160.011,4.0
21T9HvQ0KUWFDum6P1Qc7i,Brunette,59,139173,0,['Tucker Wetmore'],['4sCKpwwEsgReZxjtKFm2A0'],2025-04-25,0.527,0.948,5.0,-4.419,0.0,0.0621,0.028,0.0,0.133,0.376,134.066,4.0
02sy7FAs8dkDNYsHp4Ul3f,Soda Pop,58,150686,0,"['Saja Boys', 'Andrew Choi', 'Neckwav', 'Danny Chung', 'KEVIN WOO', 'samUIL Lee', 'KPop Demon Hunters Cast']","['0BJ2EjOqcfgFvlZXNKrNbE', '7JBaynR7JFeniONqbnn1U4', '5bXNU0MAF2HSqyFPhYtscH', '11pXvO7wYuzRWYONDOBd33', '2RYonYiVhhzBz82UFXOvEN', '1eDupbD9kIx8UaZlzcBG5r', '7mW7Tv7NvywKKXqafZo0Lc']",2025-06-20,0.841,0.852,0.0,-3.591,1.0,0.0486,0.0816,0.0,0.0576,0.758,125.997,4.0
5mAGsieQbw180sYdL3RMKk,Love Somebody,57,204828,0,['Morgan Wallen'],['4oUHIQIBe0LHzYfvXNW4QM'],2025-05-16,0.622,0.852,5.0,-5.182,0.0,0.0281,0.00912,0.000118,0.145,0.719,122.038,4.0
1NXbNEAcPvY5G1xvfN57aA,Dracula,56,205308,1,['Tame Impala'],['5INjqkS1o8h1imAzPqGZBb'],2025-10-17,0.415,0.731,3.0,-3.507,0.0,0.0586,0.0267,4.58e-05,0.317,0.612,114.837,4.0
136BeIIoBGrrU9fI1jbcDR,daño,55,197007,1,"['Peso Pluma', 'Tito Double P']","['12GqGscKJx3aE4t07u7eVZ', '5eumcnUkdmGvkvcsx1WFNG']",2025-12-25,,,,,,,,,,,,
2LSmH4vxyRhkJ2pPqcmkXw,NOBLE,54,185806,0,['F3miii'],['0gmx7cndNJbFM0DAO7fT0s'],2025-12-26,,,,,,,,,,,,
2u9S9JJ6hTZS3Vf22HOZKg,NOKIA,53,241023,1,['Drake'],['3TVXtAsR1Inumwj472S9r4'],2025-02-14,0.537,0.727,5.0,-4.184,1.0,0.15,0.247,0.0,0.173,0.508,106.037,4.0
5sBDrrtLGbV64QJnEqfjer,What It Sounds Like,52,250268,0,"['HUNTR/X', 'EJAE', 'AUDREY NUNA', 'REI AMI', 'KPop Demon Hunters Cast']","['2yNNYQBChuox9A5Ka93BIn', '0RMJOzHDhAKY1o2j0W0vxY', '0Wwji82sLA0Hcvtuak3omb', '6U1dV7aL68N7Gb0Naq34V5', '7mW7Tv7NvywKKXqafZo0Lc']",2025-06-20,0.513,0.705,1.0,-4.486,0.0,0.0641,0.0478,0.0,0.298,0.346,120.725,4.0
1I37Zz2g3hk9eWxaNkj031,Your Idol,51,191537,0,"['Saja Boys', 'Andrew Choi', 'Neckwav', 'Danny Chung', 'KEVIN WOO', 'samUIL Lee', 'KPop Demon Hunters Cast']","['0BJ2EjOqcfgFvlZXNKrNbE', '7JBaynR7JFeniONqbnn1U4', '5bXNU0MAF2HSqyFPhYtscH', '11pXvO7wYuzRWYONDOBd33', '2RYonYiVhhzBz82UFXOvEN', '1eDupbD9kIx8UaZlzcBG5r', '7mW7Tv7NvywKKXqafZo0Lc']",2025-06-20,0.684,0.844,11.0,-3.764,0.0,0.082,0.127,0.0,0.208,0.361,90.016,4.0
